0x0feb3ce318e239a230383fd3484fa1018e1efaa0,main
0x12b706a51c3b99cc70de15ffabf1a90bd494b7a0,ropsten
0x181ac9c15c5513e2679c203f0b9b15a2dca5c789,ropsten
0x435979a9710707dd86c6cfe4993541d9cc7b8fbc,goerli
0x4dd09dd372000237dd681a3480191c1300035cc3,main
0x5b9e8728e316bbeb692d22daaab74f6cbf2c4691,main
0x6e796ef38a6347d09c76a30e972cf025a708de87,ropsten
0x772ee159ce20b116346c90085ba664abc7bf954f,ropsten
0x8f8fee13516c3ea820516fee86d13370a9bf1a6c,main
0x94ec7807f2bfcd781787dbfaea683a777ee96aa7,main
0x954abba7b3c3a6ce8ddc2d8b09a3e264ef194cc4,ropsten
0x9b39276ac8710dbef2106957e842cef6e568d295,ropsten
0xbab0feb9cafecd466fb32594e45d55ac8c66725e,goerli
0xe236aebe408c6363deadff4db15938708fe07d3f,main
0xe3d086d89534524f8567b7ed64ce0cec7951ded5,kovan
0xffd74d3c703b18ea9eddc4fea8af36443a764b76,ropsten
