swc;p1;p2;n1;n2;n3
104;CodeSmells/0x1e143b2588705dfea63a17f2032ca123df995ce0;ContractFuzzer/SafeConditionalHFTransfer-exception_disorder;Zeus/0549_Code_336_0x1e143b2588705dfea63a17f2032ca123df995ce;;
104;CodeSmells/0x32bacc8b241fb172fee18bda32527126c6f3c5f7;;Zeus/1027_Code_17_0x32bacc8b241fb172fee18bda32527126c6f3c5f7;;
104;CodeSmells/0x6a92b2804eaef97f222d003c94f683333e330693;;NPChecker/0x6a92b2804eaef97f222d003c94f683333e330693;Zeus/0671_Code_39_0x6a92b2804EaeF97f222d003C94F683333e330693;
104;CodeSmells/0xab7c74abc0c4d48d1bdad5dcb26153fc8780f83e;;Zeus/1111_Code_1170_0x2b534780e30d87a299ec8ce8e5b4ca62f25a395;;
104;CodeSmells/0xbf35faa9c265baf50c9cff8c389c363b05753275;;Zeus/1093_Code_1_0xbf35faa9c265baf50c9cff8c389c363b0575327;;
104;CodeSmells/0xbf4ed7b27f1d666546e30d74d50d173d20bca754;;Zeus/0530_Code_bf4ed7b27f1d666546e30d74d50d173d20bca754;;
104;CodeSmells/0xda4a4626d3e16e094de3225a751aab7128e96526;NPChecker/0x253137971b86074021334fb5b7e03ebf2545ead3;Zeus/1054_Code_35_0x50f54ed2cafd4b7245e60557a6b56d9ac9193025;;
104;ContractFuzzer/Ethsplit-exception_disorder;;Zeus/1352_Code_29_0xc5B2508E878af367Ba4957BDBEb2bBc6DA5BB349;;
104;ContractFuzzer/HelpMeSave-exception_disorder;;Zeus/1010_Code_15_0x8b099BDCfea93FAeCFAC13D0dBc1D08c4e1EC595;;
104;ContractFuzzer/HFConditionalTransfer-exception_disorder;;NPChecker/0x7eab824bdbb0982ade9b601de5c483de8ebafb9d;Zeus/1445_Code_323_0x0131c603b0da00a560bde23306815e0577c366e;
104;ContractFuzzer/MillionEther-exception_disorder;;CodeSmells/0x15dbdb25f870f21eaf9105e68e249e0426dae916;;
104;ContractFuzzer/ReplaySafeSplit-exception_disorder;;Zeus/0583_Code_30_0x341e790174e3a4d35b65fdc067b6b5634a61caea;;
104;ContractFuzzer/Reward-exception_disorder;;Zeus/1223_Code_15_0xad2b1feb2153cd5a6b8a5f37a820ba013a89cabf;;
104;Doublade/0xaf0f6a53269fc9dbbd9da9f11c368d36b7a60006-Etheropt-lowlevelcall_result;;Zeus/1110_Code_29_0xaf0f6a53269fc9dbbd9da9f11c368d36b7a60006;;
104;Doublade/0xf1aa63ad7a897ca02cab6021513ee0a86820153e-EthVenturePlugin-lowlevelcall_result;;Zeus/0557_Code_514_0xf1aa63ad7a897ca02cab6021513ee0a86820153;;
104;Doublade/0xf9e03d5e3d86277574cfd5f7e842f213cf88945f-self_store-lowlevelcall_result;;Zeus/1439_Code_36_0xf9e03d5e3d86277574cfd5f7e842f213cf88945f;;
104;NPChecker/0x2ef76694fbfd691141d83f921a5ba710525de9b0;;Zeus/0233_Code_480_0x2ef76694fbfd691141d83f921a5ba710525de9b;;
104;NPChecker/0x89205a3a3b2a69de6dbf7f01ed13b2108b2c43e7;;Zeus/0895_Code_89205a3a3b2a69de6dbf7f01ed13b2108b2c43e7;;
104;Zeus/0055_Code_384_0xb0ceaa9cc523332cbef9fc606221cc0bc2d0872;;NPChecker/0xb0ceaa9cc523332cbef9fc606221cc0bc2d0872d;;
107;Doublade/0x3cfd32fc860c7458be0dd597ea995b425662d3e9-MultiSigWallet-reentrancy;;CodeSmells/0x035a401972f228b58dcae76bf318b54ed036d680;eThor/0x911143d946ba5d467bfc476491fdb235fef4d667;Zeus/1058_Code_1_0x911143d946ba5d467bfc476491fdb235fef4d667
107;Doublade/0xd6f8aabbbeaba0ed626e6edb798e8ada5799db84-MultiSigWalletWithDailyLimit-reentrancy;;CodeSmells/0x215b4a7cd7f4ad4594867bbcc91cac08c83ab507;;
107;eThor/0x01afc37f4f85babc47c0e2d0eababc7fb49793c8;;Zeus/0763_Code_2324_0x01afc37f4f85babc47c0e2d0eababc7fb49793c;;
107;eThor/0x02268047f5c77a6a533619773474d1a6e510443f;;Zeus/1432_Code_02268047f5c77a6a533619773474d1a6e510443f;;
107;eThor/0x06bb6701983e126f31a4c20d6becb12dfd70709e;;Zeus/0125_Code_17_0x06Bb6701983E126f31a4C20d6bECB12dfD70709E;;
107;eThor/0x0807a2d6a675e7196a3d9b1910700cae9795b72a;;Zeus/0397_Code_4_0x0807a2d6a675e7196a3d9b1910700cae9795b72a;;
107;eThor/0x0e0e733dd24168d85ecb5a62bb13385d31edf761;;Zeus/0569_Code_3640_0x0e0e733dd24168d85ecb5a62bb13385d31edf76;;
107;eThor/0x111cc94a5dabdf192c5106fadc844a98b0f56be0;;Zeus/0456_Code_25_0x111cc94a5dabdf192c5106fadc844a98b0f56be0;;
107;eThor/0x125c0260feec92471d1a144f3cdce185a565f374;;Zeus/0235_Code_1_0x125c0260feec92471d1a144f3cdce185a565f374;;
107;eThor/0x14ba17c52e4c2ccbb95de1d2bfff002398f515a7;;Zeus/1345_Code_3007_0x14ba17c52e4c2ccbb95de1d2bfff002398f515a;;
107;eThor/0x15870addc0635dc3c99ba6a37c23e8f8f77d9898;;Zeus/0589_Code_3642_0x3c77aa555d07b16564b8a82738853c6ce45697a;;
107;eThor/0x18429dedafbb65443edf60402294df5c01aee1da;;Zeus/0784_Code_1039_0x18429dedafbb65443edf60402294df5c01aee1d;;
107;eThor/0x1c3e274a4ecf4fc0afdefbe53bd1d36f63c7124a;;Zeus/0562_Code_3638_0x1c3e274a4ecf4fc0afdefbe53bd1d36f63c7124;;
107;eThor/0x1ca4a86bba124426507d1ef67ad271cc5a02820a;;Zeus/0001_Code_ced0b78dd06edfa8dcabff3782d7e159d39d71f4;;
107;eThor/0x1cb0c1cba5193ec5e0303d46a83a7109629046b6;;Zeus/0552_Code_3005_0x1cb0c1cba5193ec5e0303d46a83a7109629046b;;
107;eThor/0x1dea4ca1ca2a2c946b233a227883ef6846cf17d5;;Zeus/0105_Code_1588_0x1dea4ca1ca2a2c946b233a227883ef6846cf17d;;
107;eThor/0x1e2e3cc6ce2e87a9aa1684e948e41a17c5ac3ecc;;Zeus/1348_Code_26_0x1e2e3cc6ce2e87a9aa1684e948e41a17c5ac3ecc;;
107;eThor/0x1e4a14f2ab0563005b392be6c590843019a1809c;;Zeus/0830_Code_1e4a14f2ab0563005b392be6c590843019a1809c;;
107;eThor/0x1f0b9db5bb0f2a60f8c8824cec738c15805dbdec;;Zeus/0110_Code_37_0x1f0b9Db5bb0F2a60F8C8824CEc738C15805dBDec;;
107;eThor/0x2071f61de93ca756f83264a7f4a661ca0383742e;;Zeus/0507_Code_3638_0x2071f61de93ca756f83264a7f4a661ca0383742;;
107;eThor/0x27c3defefe0b978e0a3d1a393eca34b60e25e964;;Zeus/0563_Code_3070_0xd89e1799540303cedc9c4ba1e1c3c6f0feec7c0;;
107;eThor/0x291fe86f31500adf910accd02e57c702fe9d0ec3;;Zeus/0533_Code_3005_0x291fe86f31500adf910accd02e57c702fe9d0ec;;
107;eThor/0x29e6495732f0550d7d074770ca5a1071b044a2ef;;Zeus/1357_Code_26_0x29e6495732f0550d7d074770ca5a1071b044a2ef;;
107;eThor/0x2a106e06cd26fad93f732daa4218fce4eac6d6d8;;Zeus/0144_Code_18_0x2a106e06cd26fad93f732daa4218fce4eac6d6d8;;
107;eThor/0x2bcca955c9200c9a5f888bc2b14b91aaa56cd5c5;;Zeus/0215_Code_504_0x2bcca955c9200c9a5f888bc2b14b91aaa56cd5c;;
107;eThor/0x2dc0170450e66af2d3f5c56aa0b20ec4a254902e;;Zeus/0224_Code_508_0x2dc0170450e66af2d3f5c56aa0b20ec4a254902;;
107;eThor/0x30b82a61e9c7ecca057f8dd42e67c628d7e1b823;;Zeus/1366_Code_3008_0x30b82a61e9c7ecca057f8dd42e67c628d7e1b82;;
107;eThor/0x31916de2c0c286b687e5788110d04ad97dd37283;;Zeus/0584_Code_3070_0xf4bc5351b3b0d200b619abeee90f862770c6aad;;
107;eThor/0x32304cdbe41fe4f1c48b08356414a52957d22d3b;;Zeus/0028_Code_33_0x32304cdbe41fe4f1c48b08356414a52957d22d3b;;
107;eThor/0x32bacc8b241fb172fee18bda32527126c6f3c5f7;;CodeSmells/0x32bacc8b241fb172fee18bda32527126c6f3c5f7;;
107;eThor/0x341e790174e3a4d35b65fdc067b6b5634a61caea;;Zeus/0583_Code_30_0x341e790174e3a4d35b65fdc067b6b5634a61caea;;
107;eThor/0x354b10083a2d6b8bd18ddd390fac7bcdede8a839;;Zeus/0108_Code_14_0x354b10083a2d6b8bd18ddd390fac7bcdede8a839;;
107;eThor/0x362bb67f7fdbdd0dbba4bce16da6a284cf484ed6;;Zeus/0829_Code_3_0x362bb67f7fdbdd0dbba4bce16da6a284cf484ed6;;
107;eThor/0x36e7e06e0bdc5c632fe7cd349f94c7dd03525aa2;;CodeSmells/0xab7c74abc0c4d48d1bdad5dcb26153fc8780f83e;;
107;eThor/0x3795aed9feadc5c0064a0c3ea529e46d41a2f87a;;Zeus/1386_Code_487_0x3795aed9feadc5c0064a0c3ea529e46d41a2f87;;
107;eThor/0x3a09769f27a6e4b01bc58b1273bcaa8159033ec5;;Zeus/0916_Code_510_0x3a09769f27a6e4b01bc58b1273bcaa8159033ec;;
107;eThor/0x3eab9a2fa76f16cdc46e707ff928f7995886dee0;;Zeus/0269_Code_483_0x3eab9a2fa76f16cdc46e707ff928f7995886dee;;
107;eThor/0x401e28717a6a35a50938bc7f290f2678fc0a2816;;Zeus/0231_Code_750_0xe6dde79a09d0387947661748669b70439500c64;;
107;eThor/0x408b8fbc19bb5ffff7d5e5c430f765524fae77c5;;Zeus/0592_Code_3077_0xd36f3ed0912b6ee3edfa538f383bb3bd3de0f7f;;
107;eThor/0x40ebf2d6e998a76a848c41908733b26e04adffe2;;NPChecker/0x40ebf2d6e998a76a848c41908733b26e04adffe2;Zeus/1463_Code_29_0x40ebf2d6e998a76a848c41908733b26e04adffe2;
107;eThor/0x43d0111ec0584381077a598a1cc5c1fc72722e6c;;Zeus/0178_Code_10_0x43d0111ec0584381077a598a1cc5c1fc72722e6c;;
107;eThor/0x440dec42eb7a9950b6f79018ffa1083595b65ee0;;Zeus/0525_Code_3010_0x440dec42eb7a9950b6f79018ffa1083595b65ee;;
107;eThor/0x44e3d147188de99a1ff0799e77c03724c2032ad6;;Zeus/1330_Code_3644_0x44e3d147188de99a1ff0799e77c03724c2032ad;;
107;eThor/0x44fb2663d37e36e4a2b4b865d9ec832e5da6a016;;Zeus/0414_Code_2_0x44FB2663d37e36e4a2B4b865D9ec832e5Da6A016;;
107;eThor/0x45e42d659d9f9466cd5df622506033145a9b89bc;;Zeus/0416_Code_521_0x38f9a4fb39e27d6b9a7babb098703596bb16716;;
107;eThor/0x460dc8b70a189bee176d22d3f0272d171bd4c5ed;;Zeus/0310_Code_13_0x460dc8b70a189bee176d22d3f0272d171bd4c5ed;;
107;eThor/0x4680e18027b9d4e48df839ed3b0590c011d4cac1;;Zeus/0036_Code_4680e18027b9d4e48df839ed3b0590c011d4cac1;;
107;eThor/0x477bb914dc811282675eadb05a1c272132429bbb;;Zeus/0570_Code_3644_0x477bb914dc811282675eadb05a1c272132429bb;;
107;eThor/0x479bed65685b0672ec2ff8b0a8fbe06b4ce0a710;;Zeus/1349_Code_27_0x479bed65685b0672ec2ff8b0a8fbe06b4ce0a710;;
107;eThor/0x488b7b5ed8ee6fa28c0cb3a0ee7351573070601d;;Zeus/1243_Code_25_0x488b7b5ed8ee6fa28c0cb3a0ee7351573070601d;;
107;eThor/0x4993cb95c7443bdc06155c5f5688be9d8f6999a5;;Zeus/0442_Code_16_0x4993CB95c7443bdC06155c5f5688Be9D8f6999a5;;
107;eThor/0x4a56ebd89b2750bf42ddec1cd3845938983be0d2;;Zeus/0018_Code_19_0x4a56ebd89b2750bf42ddec1cd3845938983be0d2;;
107;eThor/0x4ab9665bb814068f5ea71fc97a6447dbb4cd18a0;;Zeus/1235_Code_4ab9665bb814068f5ea71fc97a6447dbb4cd18a0;;
107;eThor/0x4bd4afa9b213b5184c995aaef4982ce564121d20;;Zeus/0851_Code_3035_0xa9b192ff49b69ac99c55ba7fecb9dbc691ce55d;;
107;eThor/0x50ae8d7c70c33d1f40b36c75fe9f560646134dd5;;Zeus/0216_Code_1042_0x50ae8d7c70c33d1f40b36c75fe9f560646134dd;;
107;eThor/0x50f54ed2cafd4b7245e60557a6b56d9ac9193025;;CodeSmells/0xda4a4626d3e16e094de3225a751aab7128e96526;NPChecker/0x253137971b86074021334fb5b7e03ebf2545ead3;
107;eThor/0x51cfc0d9bcf4ba234d442e3200b97d660e02d41f;;Zeus/0556_Code_27_0x51cfc0d9bcf4ba234d442e3200b97d660e02d41f;;
107;eThor/0x559b52b6a30ba913a7e8f85c4a6aa443a0fe66ab;;Zeus/0266_Code_20_0x559b52b6a30Ba913A7e8F85C4A6Aa443a0FE66ab;;
107;eThor/0x5624eed6e0ebef05eb9edd4c24d5abc08e181e71;;Zeus/0146_Code_5624eed6e0ebef05eb9edd4c24d5abc08e181e71;;
107;eThor/0x56fedaf633393a4902078b95a4de01c6185c5975;;Zeus/0542_Code_445_0x56fedaf633393a4902078b95a4de01c6185c597;;
107;eThor/0x5dc8108fc79018113a58328f5283b376b83922ef;;Zeus/0537_Code_29_0x5dc8108fc79018113a58328f5283b376b83922ef;;
107;eThor/0x5ee82a5250ac20f0bbe2f55cde273937461c882f;;Zeus/1398_Code_3071_0x5ee82a5250ac20f0bbe2f55cde273937461c882;;
107;eThor/0x609a9cb68b0a3a9c63027bfac0708517bac97885;;Zeus/0503_Code_3641_0x2223f8075193a9989bfdfbcf1d37b2d56187e10;;
107;eThor/0x60a9be0ddd559e05733f22101c9330e7fc5282de;;Zeus/1262_Code_60a9be0ddd559e05733f22101c9330e7fc5282de;;
107;eThor/0x62ca898dd70d4ad44552f9a9027ee45bd7a47ce0;;Zeus/0566_Code_3071_0x62ca898dd70d4ad44552f9a9027ee45bd7a47ce;;
107;eThor/0x63dd6f40007731eb7e70a7ae43b55c0fb2090c99;;Zeus/0859_Code_35_0x63dd6f40007731eb7e70a7ae43b55c0fb2090c99;;
107;eThor/0x64160ad5ff632457cd3dc8788ee83e97e3a88abb;;Zeus/0838_Code_64160ad5ff632457cd3dc8788ee83e97e3a88abb;;
107;eThor/0x69e5da6904f73dfa845648e1991ad1dcc780f874;;Zeus/1103_Code_9_0x69e5da6904f73dfa845648e1991ad1dcc780f874;;
107;eThor/0x6ac85d0408044afb786a6d631d4d3426ce0e031a;;Zeus/0179_Code_29_0x6aC85d0408044AfB786a6d631d4D3426Ce0E031a;;
107;eThor/0x6b80a8c7958e25a7ab14e4dd68257d7566c487eb;;Zeus/0536_Code_3070_0xd5a6c08e339ce818a47a34d17089b17bbc06247;;
107;eThor/0x6f576af2dba6bf6308caf8feec3fc3d07501c018;;Zeus/1186_Code_3622_0x15404da28f01f12f16818ce8d2d61ed55657f9d;;
107;eThor/0x73e25c92d1669af02142f556c1918a1de537ba0e;;Zeus/0535_Code_3072_0x73e25c92d1669af02142f556c1918a1de537ba0;;
107;eThor/0x740e6b6f0a0165e8bb3d1cdf94862bdffbded22e;;Zeus/0839_Code_531_0x740e6b6f0a0165e8bb3d1cdf94862bdffbded22;;
107;eThor/0x755cdba6ae4f479f7164792b318b2a06c759833b;;CodeSmells/0x755cdba6ae4f479f7164792b318b2a06c759833b;Zeus/1126_Code_1_0x755cdba6ae4f479f7164792b318b2a06c759833;
107;eThor/0x76e580f75bf01bffbf4f44167d5822346de4f176;;Zeus/0126_Code_76e580f75bf01bffbf4f44167d5822346de4f176;;
107;eThor/0x77eec19c8ba79b1c7c79311ec810cbf88d924751;;Zeus/0250_Code_2_0x77eec19c8ba79b1c7c79311ec810cbf88d924751;;
107;eThor/0x788c964f356086b9578b8b4f0fffe13a96c0c7b8;;Zeus/0567_Code_3070_0xe8fa01955f6bdc8d6c9ce38c33ae24ec361b91a;;
107;eThor/0x7be89db09b0c1023fd0407b24b98810ae97f61c1;;Zeus/0327_Code_4_0x7be89db09b0c1023fd0407b24b98810ae97f61c1;;
107;eThor/0x7f64e2913511ceb3301f0515548ab7539735182b;;Zeus/1334_Code_3071_0x7f64e2913511ceb3301f0515548ab7539735182;;
107;eThor/0x7f9af66163461009e9a4c57f6d3c6421bc47a663;;Zeus/0661_Code_3048_0x7f9af66163461009e9a4c57f6d3c6421bc47a66;;
107;eThor/0x817b0a0855fa6e1e0b9a994979b3d5bf864d9560;;Zeus/0560_Code_3074_0x817b0a0855fa6e1e0b9a994979b3d5bf864d956;;
107;eThor/0x826a490c2d5d7ccb5f0223b042b39a9dc3cfdfe6;;Zeus/0539_Code_3071_0x826a490c2d5d7ccb5f0223b042b39a9dc3cfdfe;;
107;eThor/0x82df5022fbcfdd877830371d7713f0181a554c9c;;Zeus/0938_Code_402_0x82df5022fbcfdd877830371d7713f0181a554c9;;
107;eThor/0x83b6ad8e37ab7a4f71da533a35271484270ec6c2;;Zeus/0296_Code_4_0x83b6ad8e37ab7a4f71da533a35271484270ec6c2;;
107;eThor/0x83d904a2489bae727c1037469206891d8d058d92;;Zeus/0841_Code_25_0x83d904a2489bae727c1037469206891d8d058d92;;
107;eThor/0x841ffaba4532c83907b45fc05984eef8cc3474bc;;Zeus/0724_Code_841ffaba4532c83907b45fc05984eef8cc3474bc;;
107;eThor/0x84d50ebf4737331fb41ff9e3c6c324262c5b661c;;Zeus/0353_Code_3939_0x84d50ebf4737331fb41ff9e3c6c324262c5b661;;
107;eThor/0x86c93259896b20e45262dac7499a83a2cad23fe0;;Zeus/0512_Code_487_0x86c93259896b20e45262dac7499a83a2cad23fe;;
107;eThor/0x87b0de512502f3e86fd22654b72a640c8e0f59cc;;Zeus/0008_Code_8_0x87b0de512502f3e86fd22654b72a640c8e0f59cc;;
107;eThor/0x8a70cf25cf32e728be9e30c20b2781f60cb0ed6d;;Zeus/0143_Code_15_0x8a70cf25cf32e728be9e30c20b2781f60cb0ed6d;;
107;eThor/0x8cd68336ad5092110e79aae318731e1d60a331ae;;Zeus/0550_Code_3071_0x8cd68336ad5092110e79aae318731e1d60a331a;;
107;eThor/0x8f058d8a161f5be34b47149d70c47d6c60252eee;;Zeus/1172_Code_30_0x8f058d8a161f5be34b47149d70c47d6c60252eee;;
107;eThor/0x900e66fe952998ebe212d4a7def0936387142e2a;;Zeus/0600_Code_3071_0x900e66fe952998ebe212d4a7def0936387142e2;;
107;eThor/0x9047ef7c3d52956dd0909c1c1e011e986ce60691;;Zeus/0341_Code_2453_0x9047ef7c3d52956dd0909c1c1e011e986ce6069;;
107;eThor/0x90aa6fb2c2ab2c9e3fd5634c054d636c708cd5f3;;Zeus/0741_Code_426_0x90aa6fb2c2ab2c9e3fd5634c054d636c708cd5f;;
107;eThor/0x9220d625bd6bea95c865b3c4faf273bfbd6bc48a;;Zeus/1061_Code_1044_0x9220d625bd6bea95c865b3c4faf273bfbd6bc48;;
107;eThor/0x931d84b85da4f377ac977e1f78603af166c224f4;;Zeus/0506_Code_3065_0x931d84b85da4f377ac977e1f78603af166c224f;;
107;eThor/0x936f78b9852d12f5cb93177c1f84fb8513d06263;;Zeus/0882_Code_17_0x936f78b9852d12f5cb93177c1f84fb8513d06263;;
107;eThor/0x943bbeef41460a3f0f3ac7f7a062128ad0ba9cb1;;Zeus/0875_Code_36_0x943bbeEf41460a3F0f3Ac7f7a062128ad0Ba9cB1;;
107;eThor/0x9674e9123caf1f74d7f2b8c6823734891c0573d7;;Zeus/0479_Code_3074_0x9674e9123caf1f74d7f2b8c6823734891c0573d;;
107;eThor/0x9828953884b857380a80d177c38d95aeb42cd34c;;Zeus/1258_Code_16_0x9828953884b857380a80d177c38d95aeb42cd34c;;
107;eThor/0x98a31890002355fbe5231c60db4b1b6c28f45e90;;Zeus/0022_Code_24_0x98a31890002355fbe5231c60db4b1b6c28f45e90;;
107;eThor/0x98f9e314a874e17c77e7ec24f228649f21a52368;;Zeus/0191_Code_98f9e314a874e17c77e7ec24f228649f21a52368;;
107;eThor/0x993bbc77c48ca648659129602dd507a96bc5b561;;Zeus/1353_Code_26_0x993bbc77c48ca648659129602dd507a96bc5b561;;
107;eThor/0x9aa7889526708afdfb6c5222e47ed96bfdacb945;;Zeus/0528_Code_3072_0x9aa7889526708afdfb6c5222e47ed96bfdacb94;;
107;eThor/0x9ab2b9bd7c70ba12757eadcda5a9626ac247fadf;;Zeus/1228_Code_25_0x9ab2b9bd7c70ba12757eadcda5a9626ac247fadf;;
107;eThor/0x9bf233b2f9eea51708c0b345f28fc621f83daa78;;Zeus/0396_Code_7_0x9bf233b2f9eea51708c0b345f28fc621f83daa78;;
107;eThor/0x9d0135658dd0472310e44bcd520fd0a141db0bbb;;Zeus/0468_Code_3054_0x9d0135658dd0472310e44bcd520fd0a141db0bb;;
107;eThor/0x9df71e0a7566f607eb03550331fbef13b61dc29f;;Zeus/0510_Code_3012_0x5101f2356bd03ca2946ab1c18ca47284849e581;;
107;eThor/0x9e611784170b297091de56eb50162548d9b54d87;;Zeus/0982_Code_1600_0x9e611784170b297091de56eb50162548d9b54d8;;
107;eThor/0x9f1d916a456b96146e9f0dbbd0e107a1f389a061;Zeus/0109_Code_38_0x9f1d916a456b96146e9f0dbbd0e107a1f389a061;NPChecker/0x9f1d916a456b96146e9f0dbbd0e107a1f389a061;;
107;eThor/0xa0c1b6f1d8bc69bcffca759d59354c2cc4fb9db6;;Zeus/0517_Code_487_0xa0c1b6f1d8bc69bcffca759d59354c2cc4fb9db;;
107;eThor/0xa14d964fb52bf333888d162e9caf8cc7f090cde4;;Zeus/0002_Code_26_0xA14d964FB52BF333888D162E9CAF8cC7F090CDe4;;
107;eThor/0xa1ea522792ed4f092bf81c10865cb81299e46679;;Zeus/0534_Code_3071_0xa1ea522792ed4f092bf81c10865cb81299e4667;;
107;eThor/0xa333604269d38faec526d90db381017009fe4c18;;Zeus/0505_Code_3640_0x0e1f95a95fde157d6da1e4b86f9bed7e700c828;;
107;eThor/0xaa1a6e3e6ef20068f7f8d8c835d2d22fd5116444;;NPChecker/0x57b3616a41906480f95e3289fab0554a703f69a2;Zeus/0504_Code_3941_0x57b3616a41906480f95e3289fab0554a703f69a;
107;eThor/0xabbb6bebfa05aa13e908eaa492bd7a8343760477;;Zeus/0956_Code_3613_0x637bf8a8bbc1cd620ee245671e85072ba037d33;;
107;eThor/0xabea74917283a8662865894c7d6cfecafd85ceb6;;NPChecker/0xabea74917283a8662865894c7d6cfecafd85ceb6;Zeus/0064_Code_24_0xabea74917283a8662865894c7d6cfecafd85ceb6;
107;eThor/0xade85d1796008281dbf4baaedb2790d3fea8d89d;;Zeus/0874_Code_17_0xade85d1796008281dbf4baaedb2790d3fea8d89d;;
107;eThor/0xae8a616011274cde89dd86e2f40b73c449e2f45b;;Zeus/1365_Code_26_0xae8a616011274cde89dd86e2f40b73c449e2f45b;;
107;eThor/0xaf0f6a53269fc9dbbd9da9f11c368d36b7a60006;Zeus/1110_Code_29_0xaf0f6a53269fc9dbbd9da9f11c368d36b7a60006;Doublade/0xaf0f6a53269fc9dbbd9da9f11c368d36b7a60006-Etheropt-reentrancy;;
107;eThor/0xaf2b8e6114da000176c506f77b173251c16b511d;;Zeus/0411_Code_3_0xaf2b8e6114da000176c506f77b173251c16b511d;;
107;eThor/0xaf6d36e6a376cda44a5ce9280507e5e24132c143;;NPChecker/0xaf6d36e6a376cda44a5ce9280507e5e24132c143;Zeus/0247_Code_24_0xAF6D36e6A376CDa44a5Ce9280507e5E24132C143;
107;eThor/0xb08b08b9c4f91e68729ca471d77e0a525071db89;;Zeus/0604_Code_3075_0xb08b08b9c4f91e68729ca471d77e0a525071db8;;
107;eThor/0xb4e7fc7f59c2ec07aee08c46241d7b47de4cec06;;Zeus/0338_Code_7_0xb4e7fc7f59c2ec07aee08c46241d7b47de4cec06;;
107;eThor/0xba3e14a7f0169d86fc1389ad40ca4356a1404640;;Zeus/0793_Code_35_0xba3e14a7f0169d86fc1389ad40ca4356a1404640;;
107;eThor/0xba95b83766d60170e78398745f5c3df78b886c65;;Zeus/1339_Code_487_0xba95b83766d60170e78398745f5c3df78b886c6;;
107;eThor/0xbe87e87965b96d8174eae4e3724a6d7417c488b0;;Zeus/0739_Code_4_0xbe87e87965b96d8174eae4e3724a6d7417c488b0;;
107;eThor/0xbf28e50143ca1f25c7e2887b1d5cd47ec5dccd17;;Zeus/1331_Code_487_0xbf28e50143ca1f25c7e2887b1d5cd47ec5dccd1;;
107;eThor/0xbf4ed7b27f1d666546e30d74d50d173d20bca754;;CodeSmells/0xbf4ed7b27f1d666546e30d74d50d173d20bca754;Zeus/0530_Code_bf4ed7b27f1d666546e30d74d50d173d20bca754;
107;eThor/0xc13e4ed5e7f8af83663c9e5086de85b1f914a863;;Zeus/0581_Code_27_0xc13e4ed5e7f8af83663c9e5086de85b1f914a863;;
107;eThor/0xc58d783e39aabe61a4bce8d4b5e7264e67c92c27;;Zeus/0532_Code_487_0xc58d783e39aabe61a4bce8d4b5e7264e67c92c2;;
107;eThor/0xc9c1bfb27e97531ecfe005faa2b2ed4828b08a0b;;Zeus/0193_Code_25_0xc9c1bfb27e97531ecfe005faa2b2ed4828b08a0b;;
107;eThor/0xcca577ee56d30a444c73f8fc8d5ce34ed1c7da8b;;NPChecker/0x456d6956f4c2819e2ebc5eadd56d18128bb208e3;Zeus/1453_Code_3602_0xef6a9a21fe327aeacc8f685e448e21512454d4b;
107;eThor/0xcd3e727275bc2f511822dc9a26bd7b0bbf161784;;Zeus/1367_Code_4_0xcd3e727275bc2f511822dc9a26bd7b0bbf161784;;
107;eThor/0xce3b5ffca16fff926c890f0885a3e90ceb89db0a;;Zeus/0294_Code_24_0xCE3b5fFca16ffF926c890f0885A3e90cEb89db0A;;
107;eThor/0xcf0c7e3ad3b2c82bddd286a301afaafd185f30ec;;Zeus/0061_Code_26_0xCF0c7e3Ad3b2C82BdDd286A301aFaAFd185F30EC;;
107;eThor/0xd05d56acd892f33010d93ddf6d9593511b618946;;Zeus/0187_Code_36_0xD05d56acd892F33010D93DdF6D9593511B618946;;
107;eThor/0xd1c37dffd4ef36867c5bd7e59566358ea3d21e63;;Zeus/0561_Code_342_0xd1c37dffd4ef36867c5bd7e59566358ea3d21e6;;
107;eThor/0xd3938e46a27a7402f5d6421da298463a73f069c7;;Zeus/0582_Code_3072_0xd3938e46a27a7402f5d6421da298463a73f069c;;
107;eThor/0xd41f3b51e0c2d825a1178582d27c84dbfe48d1af;;Zeus/0111_Code_9_0xd41f3b51e0c2d825a1178582d27c84dbfe48d1af;;
107;eThor/0xd59a6b2dbec8bb0e2b84f4c1bfaaed72c1f19ff0;;Zeus/0518_Code_3071_0xd59a6b2dbec8bb0e2b84f4c1bfaaed72c1f19ff;;
107;eThor/0xd8d4e59fabb7d8a1d013d577689cb612a8e5f826;;Zeus/0208_Code_540_0xd8d4e59fabb7d8a1d013d577689cb612a8e5f82;;
107;eThor/0xda7fa6e0b04c76683f54c973931862d7fe474a85;;Zeus/0439_Code_1039_0xda7fa6e0b04c76683f54c973931862d7fe474a8;;
107;eThor/0xdb6d68e1d8c3f69d32e2d83065492e502b4c67ba;;Zeus/0906_Code_3924_0x7ac31c0c26e5c23259d0b41e3d74bbecec0ebd3;;
107;eThor/0xe3b6638f0c1c0fa37282fab6ef9457e457a1e9a8;;Zeus/0158_Code_34_0xe3B6638F0C1C0FA37282FAb6eF9457e457A1E9a8;;
107;eThor/0xe5411ae9c24931e11dffecd84fa50fcf7f0df31b;;Zeus/0805_Code_e5411ae9c24931e11dffecd84fa50fcf7f0df31b;;
107;eThor/0xe736091fc36f1ad476f5e4e03e4425940822d3ba;;Zeus/0861_Code_20_0xe736091fc36f1ad476f5e4e03e4425940822d3ba;;
107;eThor/0xe7c8635bc387994069f7b7f25b89534c67727a01;;Zeus/0051_Code_2_0xe7c8635bc387994069f7b7f25b89534c67727a01;;
107;eThor/0xe8200511f3c276fa7300719f9b45301bc471f4fb;;Zeus/0420_Code_12_0xe8200511F3C276fA7300719f9B45301Bc471f4fB;;
107;eThor/0xe94b04a0fed112f3664e45adb2b8915693dd5ff3;;Zeus/0587_Code_30_0xE94b04a0FeD112f3664e45adb2B8915693dD5FF3;;
107;eThor/0xe98e873ad9665690538cbdf4a4a21a3f286e9028;;Zeus/0519_Code_487_0xe98e873ad9665690538cbdf4a4a21a3f286e902;;
107;eThor/0xeae6c55570afcec8fff6dfe866dd142369b87251;;Zeus/0578_Code_3071_0xeae6c55570afcec8fff6dfe866dd142369b8725;;
107;eThor/0xeb45e2f4949cca0d7ad4550106cb4fee09003644;;Zeus/0522_Code_3070_0xc6e3358d02d95415585f1f41920dab82cb85ceb;;
107;eThor/0xed6ac8de7c7ca7e3a22952e09c2a2a1232ddef9a;;Zeus/1089_Code_ed6ac8de7c7ca7e3a22952e09c2a2a1232ddef9a;;
107;eThor/0xee2157c15a43be80faac64801ed89c8d8e2c4d3a;;Zeus/0155_Code_17_0xee2157c15a43be80faac64801ed89c8d8e2c4d3a;;
107;eThor/0xf0d8af9125de2761b42dbb0b1014bf232219a1c5;;Zeus/0202_Code_540_0xa39394d3447c1dbd386b92b4d1fcc22ca85eae6;;
107;eThor/0xf2b8e10e7b230cc55040a7a90be75c933719c507;;Zeus/0305_Code_2506_0xf2b8e10e7b230cc55040a7a90be75c933719c50;;
107;eThor/0xf504f3d488c7bb20a424943a6fc4ea2badcb9a18;;Zeus/1519_Code_7_0xf504f3d488c7bb20a424943a6fc4ea2badcb9a18;;
107;eThor/0xf53e7f01371c6fc0e1c821d3c3c8b30be366bb6e;;Zeus/0281_Code_3643_0x3d2f50874591d0eeaa811fb58cc471675828088;;
107;eThor/0xf66ca56fc0cf7b5d9918349150026be80b327892;;Zeus/0867_Code_4_0xf66ca56fc0cf7b5d9918349150026be80b327892;;
107;eThor/0xfac50f760d114de38bf0a6d44f31a9c22f778db3;;Zeus/0482_Code_4_0xfac50f760d114de38bf0a6d44f31a9c22f778db3;;
107;eThor/0xfcaf204852781b57c23023aa28f21437f7303505;;Zeus/0162_Code_fcaf204852781b57c23023aa28f21437f7303505;;
107;eThor/0xfd981838c1cc9b534b938c56b1c2123bdc700a32;;Zeus/0118_Code_fd981838c1cc9b534b938c56b1c2123bdc700a32;;
107;eThor/0xfeeb8a968f0d7fd58e29fbfc525051f50ee2fedc;;Zeus/0195_Code_feeb8a968f0d7fd58e29fbfc525051f50ee2fedc;;
107;eThor/0xff95fbb77852c846724ce4fa140ca25f31a90bb0;;Zeus/0131_Code_17_0xff95FBB77852C846724CE4Fa140Ca25f31A90bb0;;
107;NotSoSmartC/DAO;;CodeSmells/0xbb9bc244d798123fde783fcc1c72d3bb8c189413;;
107;Zeus/0804_Code_30_0x6ff323e36bfdb20502b23780695f4e77e36cde95;;CodeSmells/0x6ff323e36bfdb20502b23780695f4e77e36cde95;eThor/0x6ff323e36bfdb20502b23780695f4e77e36cde95;
113;Zeus/0049_Code_885_0xa1b43b46befb2387d2df46cde82c3d454ef33c6;;NPChecker/0xa1b43b46befb2387d2df46cde82c3d454ef33c66;;
113;Zeus/0109_Code_38_0x9f1d916a456b96146e9f0dbbd0e107a1f389a061;;NPChecker/0x9f1d916a456b96146e9f0dbbd0e107a1f389a061;;
113;Zeus/0272_Code_5a5eff38da95b0d58b6c616f2699168b480953c9;;CodeSmells/0x5a5eff38da95b0d58b6c616f2699168b480953c9;;
113;Zeus/0302_Code_13_0x4f529990b7f3d1fb4152736155e431c96fd86294;;NPChecker/0x4aac9f93f325035527633e4598c469dea47baa8a;;
113;Zeus/0504_Code_3941_0x57b3616a41906480f95e3289fab0554a703f69a;;NPChecker/0x57b3616a41906480f95e3289fab0554a703f69a2;;
113;Zeus/0509_Code_31_0x6a3120d8a66fe96eb260cce4b6da02e7835b8426;;CodeSmells/0x6a3120d8a66fe96eb260cce4b6da02e7835b8426;;
113;Zeus/0530_Code_bf4ed7b27f1d666546e30d74d50d173d20bca754;;CodeSmells/0xbf4ed7b27f1d666546e30d74d50d173d20bca754;;
113;Zeus/0723_Code_15_0x709c7134053510fce03b464982eab6e3d89728a5;;CodeSmells/0x709c7134053510fce03b464982eab6e3d89728a5;;
113;Zeus/0756_Code_5_0x2e1cff135ca6bbc0012a01fa246a0a39aeb10d2d;;NPChecker/0x08036684d21e7efa3140d1f4e658ed2d654b39c8;;
113;Zeus/0804_Code_30_0x6ff323e36bfdb20502b23780695f4e77e36cde95;;CodeSmells/0x6ff323e36bfdb20502b23780695f4e77e36cde95;;
113;Zeus/0816_Code_18_0xcd6608b1291d4307652592c29bff7d51f1ad83d;;CodeSmells/0xcd6608b1291d4307652592c29bff7d51f1ad83d7;;
113;Zeus/1126_Code_1_0x755cdba6ae4f479f7164792b318b2a06c759833;;CodeSmells/0x755cdba6ae4f479f7164792b318b2a06c759833b;;
113;Zeus/1217_Code_30_0xf1101db4c9dd26bdace9bC7E30393F80c7b5e6C6;;NPChecker/0xf1101db4c9dd26bdace9bc7e30393f80c7b5e6c6;;
113;Zeus/1230_Code_10_0x9ae98746EB8a0aeEe5fF2b6B15875313a986f103;;CodeSmells/0x9ae98746eb8a0aeee5ff2b6b15875313a986f103;;
113;Zeus/1463_Code_29_0x40ebf2d6e998a76a848c41908733b26e04adffe2;;NPChecker/0x40ebf2d6e998a76a848c41908733b26e04adffe2;;
114;NPChecker/0x08036684d21e7efa3140d1f4e658ed2d654b39c8;;Zeus/0756_Code_5_0x2e1cff135ca6bbc0012a01fa246a0a39aeb10d2d;;
114;Zeus/0247_Code_24_0xAF6D36e6A376CDa44a5Ce9280507e5E24132C143;;NPChecker/0xaf6d36e6a376cda44a5ce9280507e5e24132c143;;
114;Zeus/0611_Code_36_0xc5912c5AA88D7c947C9510b3c8D76543C72Ed98c;;EthRacer/0xc5912c5aa88d7c947c9510b3c8d76543c72ed98c;;
114;Zeus/0755_Code__0x6e01ee36b522a824609b7f7dfb5e4aa8fbb4893;;EthRacer/0x6e01ee36b522a824609b7f7dfb5e4aa8fbb48934;;
120;ContractFuzzer/ChainSensitive-numberdependency;;Zeus/0037_Code_30_0xe7f4f5abba4a0ae18eaa31796876d137e19b93ad;;
120;ContractFuzzer/FipsNotary-numberdependency;;Zeus/0744_Code_20_0x06194c50a5a85bb1fee0e73877eefdef64466514;;
120;ContractFuzzer/HashToken-numberdependency;;Zeus/0324_Code_33_0xe5544a2a5fa9b175da60d8eec67add5582bb31b0;;
120;ContractFuzzer/MarketPrice-numberdependency;;NPChecker/0x2138ffe292fd0953f7fe2569111246e4de9ff1dc;;
120;Zeus/0247_Code_24_0xAF6D36e6A376CDa44a5Ce9280507e5E24132C143;;NPChecker/0xaf6d36e6a376cda44a5ce9280507e5e24132c143;;
120;Zeus/0272_Code_5a5eff38da95b0d58b6c616f2699168b480953c9;;CodeSmells/0x5a5eff38da95b0d58b6c616f2699168b480953c9;;
120;Zeus/0453_Code_ba69e7c96e9541863f009e713caf26d4ad2241a0;;CodeSmells/0xba69e7c96e9541863f009e713caf26d4ad2241a0;;
120;Zeus/1023_Code_156_0x446d1696a5527018453cda3d67aa4c2cd189b9f;;CodeSmells/0x446d1696a5527018453cda3d67aa4c2cd189b9f6;;
120;Zeus/1027_Code_17_0x32bacc8b241fb172fee18bda32527126c6f3c5f7;;CodeSmells/0x32bacc8b241fb172fee18bda32527126c6f3c5f7;;
120;Zeus/1054_Code_35_0x50f54ed2cafd4b7245e60557a6b56d9ac9193025;;CodeSmells/0xda4a4626d3e16e094de3225a751aab7128e96526;NPChecker/0x253137971b86074021334fb5b7e03ebf2545ead3;
120;Zeus/1093_Code_1_0xbf35faa9c265baf50c9cff8c389c363b0575327;;CodeSmells/0xbf35faa9c265baf50c9cff8c389c363b05753275;;
120;Zeus/1111_Code_1170_0x2b534780e30d87a299ec8ce8e5b4ca62f25a395;;CodeSmells/0xab7c74abc0c4d48d1bdad5dcb26153fc8780f83e;;
997;ContractFuzzer/LOVEFoundation-freezing_ether;;CodeSmells/0x8eee81d817c9548615d69c485074b55df487ab95;;
997;ContractFuzzer/TokenEventLib-freezing_ether;;CodeSmells/0xee4e09a72c5f8d60ce09b4b90dd1ee680fc375fe;;
